rank,prev_rank,name,league,off,def,spi
1,2,Manchester City,Barclays Premier League,3.06,0.3,93.14
2,1,Liverpool,Barclays Premier League,2.92,0.28,92.58
3,3,FC Bayern München,German Bundesliga,3.19,0.41,92.51
4,5,Paris Saint-Germain,French Ligue 1,3.14,0.43,91.94
5,4,FC Barcelona,Spanish Primera Division,3.08,0.43,91.5
6,6,Juventus,Italy Serie A,2.5,0.29,89.55
7,8,Real Madrid,Spanish Primera Division,2.7,0.52,87.16
8,9,Atlético Madrid,Spanish Primera Division,2.17,0.28,86.55
9,7,Ajax,Dutch Eredivisie,3.15,0.86,85.74
10,11,Tottenham Hotspur,Barclays Premier League,2.47,0.49,85.37
11,10,Chelsea,Barclays Premier League,2.28,0.41,84.86
12,12,Napoli,Italy Serie A,2.3,0.51,83.19
13,13,Inter,Italy Serie A,2.23,0.5,82.55
14,15,Borussia Dortmund,German Bundesliga,2.39,0.59,82.42
15,14,Sevilla FC,Spanish Primera Division,2.33,0.58,81.97
16,17,Valencia CF,Spanish Primera Division,2.12,0.49,81.27
17,19,SD Eibar,Spanish Primera Division,2.12,0.52,80.45
18,22,Atalanta,Italy Serie A,2.41,0.73,79.83
19,20,Arsenal,Barclays Premier League,2.37,0.71,79.77
20,18,Manchester United,Barclays Premier League,2.34,0.7,79.53
21,16,PSV,Dutch Eredivisie,2.75,0.97,79.43
22,21,FC Salzburg,Austrian T-Mobile Bundesliga,2.65,0.95,78.54
23,25,Getafe CF,Spanish Primera Division,1.88,0.48,78.16
24,24,Real Sociedad,Spanish Primera Division,2.11,0.63,77.98
25,23,Roma,Italy Serie A,2.35,0.79,77.76
26,26,FC Porto,Portuguese Liga,2.17,0.7,77.29
27,27,Lazio,Italy Serie A,2.11,0.69,76.54
28,28,RB Leipzig,German Bundesliga,2.13,0.72,76.22
29,29,Real Betis,Spanish Primera Division,1.9,0.6,75.25
30,30,Leganes,Spanish Primera Division,1.79,0.54,75.19
31,31,BSC Young Boys,Swiss Raiffeisen Super League,2.64,1.13,75.13
32,35,Athletic Club de Bilbao,Spanish Primera Division,1.87,0.6,74.92
33,32,TSG 1899 Hoffenheim,German Bundesliga,2.43,1,74.54
34,34,Milan,Italy Serie A,1.91,0.64,74.4
35,38,Olympique Lyonnais,French Ligue 1,2.1,0.78,74.32
36,36,SL Benfica,Portuguese Liga,2.07,0.77,74.14
37,33,Eintracht Frankfurt,German Bundesliga,2.15,0.83,74.11
38,39,Shakhtar Donetsk,UEFA Europa League,2.19,0.88,73.5
39,41,PFC CSKA Moscow,Russian Premier Liga,1.73,0.58,72.98
40,43,Bayer 04 Leverkusen,German Bundesliga,2.17,0.9,72.86
41,46,PAOK,Greek Super League,1.93,0.73,72.62
42,45,FC Schalke 04,German Bundesliga,1.96,0.77,72.32
43,37,Deportivo Alavés,Spanish Primera Division,1.83,0.68,72.14
44,40,RCD Espanyol,Spanish Primera Division,1.92,0.75,71.99
45,44,Villarreal CF,Spanish Primera Division,2.03,0.84,71.88
46,42,Fiorentina,Italy Serie A,1.87,0.72,71.78
47,55,Crystal Palace,Barclays Premier League,1.84,0.72,71.31
48,49,Dynamo Kyiv,UEFA Europa League,2.03,0.86,71.22
49,48,RC Celta,Spanish Primera Division,2.08,0.91,71.09
50,50,FC Krasnodar,Russian Premier Liga,1.88,0.77,71
51,52,Everton,Barclays Premier League,1.93,0.8,70.97
52,51,Borussia Mönchengladbach,German Bundesliga,2.08,0.92,70.76
53,58,Genk,Belgian Jupiler League,2.09,0.96,69.96
54,53,Leicester City,Barclays Premier League,1.84,0.78,69.87
55,54,Watford,Barclays Premier League,1.97,0.88,69.76
56,76,Galatasaray SK,Turkish Turkcell Super Lig,2.18,1.04,69.73
57,68,AEK Athens,Greek Super League,1.65,0.65,69.64
58,56,Olympiacos CFP,Greek Super League,1.83,0.79,69.63
59,57,Palmeiras,Brasileiro SÃ©rie A,1.73,0.71,69.61
60,60,Girona FC,Spanish Primera Division,1.91,0.86,69.37
61,47,Club Brugge KV,Belgian Jupiler League,2.03,0.95,69.25
62,59,Torino,Italy Serie A,1.78,0.76,69.18
63,62,FC Midtjylland,Danish SAS-Ligaen,2.24,1.13,68.9
64,63,FC Copenhagen,Danish SAS-Ligaen,2.07,1,68.74
65,64,Wolverhampton Wanderers,Barclays Premier League,1.78,0.79,68.51
66,78,Medipol Ba?ak?ehir FK,Turkish Turkcell Super Lig,1.64,0.7,68.24
67,65,VfL Wolfsburg,German Bundesliga,1.85,0.87,67.9
68,69,Real Valladolid,Spanish Primera Division,1.72,0.77,67.88
69,61,SD Huesca,Spanish Primera Division,1.9,0.92,67.74
70,71,Olympique de Marseille,French Ligue 1,1.8,0.85,67.52
71,75,SV Werder Bremen,German Bundesliga,2,1.02,67.27
72,66,Rayo Vallecano,Spanish Primera Division,1.85,0.9,67.19
73,70,Flamengo,Brasileiro SÃ©rie A,1.7,0.78,67.07
74,72,Southampton,Barclays Premier League,1.82,0.88,66.98
75,73,West Ham United,Barclays Premier League,1.84,0.9,66.96
76,74,Guangzhou Evergrande Taobao FC,Chinese Super League,2.2,1.2,66.71
77,67,Sporting CP,Portuguese Liga,1.78,0.87,66.66
78,77,Sampdoria,Italy Serie A,1.9,0.97,66.45
79,80,Montpellier HSC,French Ligue 1,1.5,0.67,65.99
80,79,AS Saint-Étienne,French Ligue 1,1.79,0.9,65.86
81,81,GrÃªmio,Brasileiro SÃ©rie A,1.58,0.74,65.74
82,82,Stade Rennais FC,French Ligue 1,1.67,0.83,65.36
83,84,Bournemouth,Barclays Premier League,1.92,1.05,64.99
84,83,Celtic,Scottish Premiership,1.93,1.06,64.97
85,85,Lille,French Ligue 1,1.7,0.87,64.93
86,86,FC Nantes,French Ligue 1,1.57,0.78,64.57
87,92,Newcastle United,Barclays Premier League,1.64,0.84,64.47
88,87,Ludogorets,UEFA Europa League,1.68,0.89,64.16
89,100,SC Braga,Portuguese Liga,1.66,0.87,64.15
90,89,Levante UD,Spanish Primera Division,2.02,1.18,63.92
91,94,Hertha BSC,German Bundesliga,1.89,1.08,63.89
92,96,Sassuolo,Italy Serie A,1.77,0.97,63.89
93,90,Lokomotiv Moscow,Russian Premier Liga,1.64,0.88,63.27
94,91,Red Star Belgrade,UEFA Champions League,2.02,1.21,63.24
95,97,OGC Nice,French Ligue 1,1.5,0.78,63.22
96,93,Viktoria Plzen,UEFA Europa League,2.01,1.21,63.07
97,95,Brighton & Hove Albion,Barclays Premier League,1.61,0.88,63.02
98,106,RC Strasbourg Alsace,French Ligue 1,1.64,0.91,62.71
99,99,Standard Liege,Belgian Jupiler League,1.73,0.99,62.65
100,102,Club AmÃ©rica,Mexican Primera Division Torneo Clausura,1.73,0.99,62.61
101,114,Besiktas,Turkish Turkcell Super Lig,1.86,1.13,61.97
102,98,FC Augsburg,German Bundesliga,1.86,1.14,61.72
103,115,Burnley,Barclays Premier League,1.69,1,61.51
104,103,Monterrey,Mexican Primera Division Torneo Clausura,1.72,1.03,61.43
105,104,FC Girondins de Bordeaux,French Ligue 1,1.54,0.88,61.33
106,107,Internacional,Brasileiro SÃ©rie A,1.51,0.86,61.16
107,108,Zenit St Petersburg,Russian Premier Liga,1.64,0.98,61.07
108,109,Malmo FF,Swedish Allsvenskan,1.69,1.02,61.07
109,101,Tigres U.A.N.L.,Mexican Primera Division Torneo Clausura,1.65,1.01,60.69
110,112,Shanghai SIPG FC,Chinese Super League,1.87,1.21,60.46
111,88,Feyenoord,Dutch Eredivisie,2.03,1.35,60.31
112,111,River Plate,Argentina Primera Division,1.49,0.88,60.26
113,113,Sheffield United,English League Championship,1.54,0.95,59.75
114,116,Leeds United,English League Championship,1.56,0.97,59.65
115,117,Spartak Moscow,Russian Premier Liga,1.67,1.07,59.62
116,118,Atlético Mineiro,Brasileiro SÃ©rie A,1.58,0.98,59.55
117,105,1. FSV Mainz 05,German Bundesliga,1.72,1.11,59.5
118,120,AtlÃ©tico Paranaense,Brasileiro SÃ©rie A,1.51,0.93,59.44
119,110,Trabzonspor,Turkish Turkcell Super Lig,2.02,1.38,59.42
120,121,Dinamo Zagreb,UEFA Europa League,1.54,0.96,59.29
121,122,SC Freiburg,German Bundesliga,1.72,1.12,59.27
122,124,Genoa,Italy Serie A,1.68,1.1,58.96
123,123,Racing Club,Argentina Primera Division,1.53,0.97,58.95
124,126,FC Basel 1893,Swiss Raiffeisen Super League,1.99,1.38,58.82
125,127,Kawasaki Frontale,Japanese J League,1.67,1.1,58.81
126,119,Huddersfield Town,Barclays Premier League,1.42,0.87,58.79
127,128,Boca Juniors,Argentina Primera Division,1.53,0.97,58.79
128,129,Fulham,Barclays Premier League,1.65,1.09,58.61
129,132,Angers,French Ligue 1,1.45,0.92,58.31
130,125,Cagliari,Italy Serie A,1.61,1.06,58.27
131,133,Nimes,French Ligue 1,1.56,1.03,58.2
132,142,Fortuna DÃ¼sseldorf,German Bundesliga,1.67,1.12,58.17
133,134,AIK,Swedish Allsvenskan,1.34,0.83,58.15
134,141,Norwich City,English League Championship,1.66,1.13,57.89
135,137,West Bromwich Albion,English League Championship,1.63,1.1,57.88
136,136,Reims,French Ligue 1,1.4,0.89,57.79
137,139,SÃ£o Paulo,Brasileiro SÃ©rie A,1.34,0.85,57.4
138,145,VfB Stuttgart,German Bundesliga,1.67,1.16,57.39
139,131,Udinese,Italy Serie A,1.47,0.98,57.24
140,143,Yeni Malatyaspor,Turkish Turkcell Super Lig,1.6,1.1,57.18
141,140,SPAL,Italy Serie A,1.52,1.04,56.93
142,165,AZ,Dutch Eredivisie,1.83,1.33,56.83
143,144,FC Astana,UEFA Europa League,1.67,1.18,56.76
144,135,Cardiff City,Barclays Premier League,1.53,1.06,56.68
145,130,AS Monaco,French Ligue 1,1.47,1.01,56.59
146,149,Bologna,Italy Serie A,1.52,1.06,56.5
147,146,BK Hacken,Swedish Allsvenskan,1.61,1.15,56.37
148,147,Santos,Brasileiro SÃ©rie A,1.39,0.94,56.35
149,154,Empoli,Italy Serie A,1.68,1.22,56.19
150,150,Rubin Kazan,Russian Premier Liga,1.22,0.79,55.98
151,151,Cruzeiro,Brasileiro SÃ©rie A,1.35,0.92,55.82
152,153,BahÃ­a,Brasileiro SÃ©rie A,1.33,0.91,55.75
153,152,Middlesbrough,English League Championship,1.32,0.91,55.57
154,155,Toulouse Football Club,French Ligue 1,1.45,1.03,55.56
155,138,Kasimpasa,Turkish Turkcell Super Lig,1.98,1.53,55.41
156,157,Jablonec,UEFA Europa League,1.46,1.06,55.07
157,159,LASK Linz,Austrian T-Mobile Bundesliga,1.6,1.2,54.91
158,160,Dinamo Moscow,Russian Premier Liga,1.2,0.83,54.81
159,161,Beijing Sinobo Guoan FC,Chinese Super League,1.71,1.31,54.79
160,158,Aston Villa,English League Championship,1.67,1.28,54.71
161,162,Brentford,English League Championship,1.54,1.16,54.65
162,163,Dijon FCO,French Ligue 1,1.45,1.08,54.26
163,167,Parma,Italy Serie A,1.45,1.08,54.25
164,156,Atromitos,Greek Super League,1.49,1.13,54.09
165,166,Chievo Verona,Italy Serie A,1.44,1.1,53.66
166,168,Independiente,Argentina Primera Division,1.43,1.09,53.6
167,169,IFK Norrkoping,Swedish Allsvenskan,1.59,1.25,53.54
168,164,Hannover 96,German Bundesliga,1.63,1.29,53.48
169,148,Guingamp,French Ligue 1,1.43,1.1,53.21
170,183,Konyaspor,Turkish Turkcell Super Lig,1.36,1.04,53.14
171,170,Molde,Norwegian Tippeligaen,1.85,1.52,53.13
172,172,Jiangsu Suning FC,Chinese Super League,1.46,1.15,53
173,174,Rostov,Russian Premier Liga,1.03,0.74,52.69
174,175,Thun,Swiss Raiffeisen Super League,1.74,1.44,52.69
175,178,Stoke City,English League Championship,1.38,1.08,52.67
176,171,Guimaraes,Portuguese Liga,1.27,0.97,52.67
177,179,Atlanta United,Major League Soccer,1.56,1.27,52.39
178,180,1. FC Köln,German 2. Bundesliga,1.67,1.38,52.34
179,186,Defensa y Justicia,Argentina Primera Division,1.26,0.98,52.26
180,182,Rangers,Scottish Premiership,1.53,1.25,52.21
181,184,Corinthians,Brasileiro SÃ©rie A,1.18,0.9,52.17
182,190,Hull City,English League Championship,1.5,1.22,52.15
183,193,KAA Gent,Belgian Jupiler League,1.59,1.31,52.15
184,187,SK Sturm Graz,Austrian T-Mobile Bundesliga,1.41,1.13,52.03
185,188,CearÃ¡,Brasileiro SÃ©rie A,1.25,0.98,52.02
186,189,St. Truidense,Belgian Jupiler League,1.51,1.24,51.92
187,177,Amiens SC,French Ligue 1,1.28,1.01,51.91
188,191,Fenerbahçe SK,Turkish Turkcell Super Lig,1.47,1.2,51.86
189,176,Caen,French Ligue 1,1.3,1.04,51.7
190,202,Toluca,Mexican Primera Division Torneo Clausura,1.47,1.21,51.67
191,194,Kashima Antlers,Japanese J League,1.48,1.23,51.62
192,195,Sporting Kansas City,Major League Soccer,1.54,1.28,51.61
193,197,Vasco da Gama,Brasileiro SÃ©rie A,1.27,1.02,51.58
194,173,1. FC NÃ¼rnberg,German Bundesliga,1.51,1.25,51.56
195,198,BATE Borisov,UEFA Europa League,1.54,1.29,51.41
196,185,Birmingham,English League Championship,1.35,1.1,51.41
197,200,Botafogo,Brasileiro SÃ©rie A,1.27,1.03,51.25
198,201,New York Red Bulls,Major League Soccer,1.43,1.19,51.19
199,205,Swansea City,English League Championship,1.49,1.26,51.15
200,208,Santos Laguna,Mexican Primera Division Torneo Clausura,1.42,1.19,51.06
201,203,Terek Grozny,Russian Premier Liga,1.13,0.9,50.9
202,199,RSC Anderlecht,Belgian Jupiler League,1.49,1.28,50.54
203,214,Bristol City,English League Championship,1.29,1.08,50.51
204,206,FC Arsenal Tula,Russian Premier Liga,1.55,1.35,50.29
205,207,Urawa Red Diamonds,Japanese J League,1.7,1.5,50.27
206,229,Sporting de Charleroi,Belgian Jupiler League,1.44,1.25,50.19
207,220,Antwerp,Belgian Jupiler League,1.4,1.2,50.17
208,210,Velez Sarsfield,Argentina Primera Division,1.24,1.04,50.13
209,211,Gazovik Orenburg,Russian Premier Liga,1.22,1.03,50.05
210,192,Panathinaikos,Greek Super League,1.34,1.15,49.97
211,215,Millwall,English League Championship,1.39,1.2,49.9
212,226,Cruz Azul,Mexican Primera Division Torneo Clausura,1.34,1.15,49.89
213,213,FC Zurich,Swiss Raiffeisen Super League,1.4,1.22,49.77
214,204,Pachuca,Mexican Primera Division Torneo Clausura,1.44,1.27,49.76
215,216,Brondby,Danish SAS-Ligaen,1.64,1.47,49.62
216,181,FC Utrecht,Dutch Eredivisie,1.62,1.46,49.49
217,217,KV Kortrijk,Belgian Jupiler League,1.39,1.22,49.47
218,209,Derby County,English League Championship,1.34,1.18,49.46
219,196,Sivasspor,Turkish Turkcell Super Lig,1.49,1.34,49.2
220,219,FK Austria Vienna,Austrian T-Mobile Bundesliga,1.47,1.32,49.2
221,221,Chapecoense AF,Brasileiro SÃ©rie A,1.17,1.02,49.15
222,222,Apollon Limassol,UEFA Europa League,1.37,1.22,49.03
223,212,Nottingham Forest,English League Championship,1.32,1.17,49.01
224,223,Rosenborg,Norwegian Tippeligaen,1.36,1.22,48.91
225,224,FC Sion,Swiss Raiffeisen Super League,1.53,1.39,48.86
226,285,Heerenveen,Dutch Eredivisie,2.05,1.93,48.82
227,225,Shandong Luneng,Chinese Super League,1.52,1.39,48.65
228,218,Vitesse,Dutch Eredivisie,1.59,1.47,48.6
229,233,Portimonense SC,Portuguese Liga,1.42,1.29,48.5
230,227,Belenenses,Portuguese Liga,1.23,1.13,47.91
231,237,Preston North End,English League Championship,1.33,1.23,47.76
232,230,Slavia Prague,UEFA Europa League,1.13,1.02,47.72
233,232,FC Ufa,Russian Premier Liga,1.03,0.93,47.52
234,234,Louisville City FC,United Soccer League,1.62,1.56,47.44
235,235,FC Luzern,Swiss Raiffeisen Super League,1.6,1.56,46.94
236,240,Goztepe,Turkish Turkcell Super Lig,1.27,1.21,46.76
237,231,Queens Park Rangers,English League Championship,1.29,1.25,46.61
238,238,Godoy Cruz,Argentina Primera Division,1.2,1.15,46.52
239,239,FK Qarabag,UEFA Europa League,1.26,1.22,46.48
240,243,LeÃ³n,Mexican Primera Division Torneo Clausura,1.37,1.33,46.44
241,241,Vorskla,UEFA Europa League,1.19,1.14,46.43
242,228,Frosinone,Italy Serie A,1.32,1.29,46.42
243,242,New York City FC,Major League Soccer,1.44,1.42,46.35
244,236,Guadalajara,Mexican Primera Division Torneo Clausura,1.23,1.2,46.18
245,244,Ã–stersunds FK,Swedish Allsvenskan,1.49,1.48,46.11
246,246,Bursaspor,Turkish Turkcell Super Lig,1.14,1.12,45.69
247,248,AtlÃ©tico TucumÃ¡n,Argentina Primera Division,1.24,1.23,45.65
248,270,Deportivo La CoruÃ±a,Spanish Segunda Division,1.19,1.18,45.54
249,249,Newell's Old Boys,Argentina Primera Division,1.1,1.09,45.41
250,250,Fluminense,Brasileiro SÃ©rie A,1.1,1.09,45.32
251,265,Moreirense,Portuguese Liga,1.15,1.15,45.32
252,259,HuracÃ¡n,Argentina Primera Division,1.17,1.18,45.23
253,252,AEK Larnaca,UEFA Europa League,1.17,1.17,45.21
254,255,Banfield,Argentina Primera Division,1.07,1.07,45.02
255,290,Alanyaspor,Turkish Turkcell Super Lig,1.2,1.22,45
256,277,FC Xanthi,Greek Super League,1.03,1.03,44.95
257,258,Seattle Sounders FC,Major League Soccer,1.33,1.37,44.73
258,257,Mamelodi Sundowns,South African ABSA Premier League,1.13,1.15,44.61
259,261,Talleres de CÃ³rdoba,Argentina Primera Division,1.07,1.09,44.54
260,254,Vitoria Setubal,Portuguese Liga,1.11,1.14,44.47
261,266,Sydney FC,Australian A-League,1.38,1.44,44.46
262,272,Blackburn,English League Championship,1.3,1.35,44.45
263,253,Antalyaspor,Turkish Turkcell Super Lig,1.1,1.13,44.4
264,245,Pumas Unam,Mexican Primera Division Torneo Clausura,1.35,1.41,44.39
265,263,Hamburger SV,German 2. Bundesliga,1.27,1.33,44.23
266,264,Union Santa Fe,Argentina Primera Division,1.05,1.09,44.18
267,281,Sheffield Wednesday,English League Championship,1.24,1.3,44.13
268,267,Videoton FC,UEFA Europa League,1.21,1.27,44.06
269,268,Lanus,Argentina Primera Division,1.14,1.19,44.01
270,269,Los Angeles FC,Major League Soccer,1.48,1.58,43.88
271,274,Rio Ave,Portuguese Liga,1.33,1.41,43.77
272,271,Changchun Yatai,Chinese Super League,1.39,1.49,43.73
273,295,Brest,French Ligue 2,1.26,1.34,43.67
274,247,Metz,French Ligue 2,1.16,1.23,43.66
275,275,Hammarby,Swedish Allsvenskan,1.4,1.51,43.61
276,276,América FC (Minas Gerais),Brasileiro SÃ©rie A,1.13,1.2,43.61
277,278,Toronto FC,Major League Soccer,1.5,1.61,43.58
278,332,Luton Town,English League One,1.3,1.4,43.48
279,280,Ural Sverdlovsk Oblast,Russian Premier Liga,1.26,1.35,43.42
280,251,Asteras Tripolis,Greek Super League,1.03,1.1,43.33
281,282,Tigre,Argentina Primera Division,1.22,1.31,43.26
282,284,Estudiantes,Argentina Primera Division,1.05,1.13,43.14
283,299,Necaxa,Mexican Primera Division Torneo Clausura,1.27,1.38,43.12
284,260,Melbourne Victory,Australian A-League,1.5,1.65,43
285,273,Wigan,English League Championship,1.17,1.27,42.95
286,287,Shimizu S-Pulse,Japanese J League,1.54,1.69,42.93
287,262,Akhisar Belediye,Turkish Turkcell Super Lig,1.26,1.38,42.92
288,286,Cadiz,Spanish Segunda Division,0.99,1.07,42.92
289,256,C.D. Nacional,Portuguese Liga,1.22,1.34,42.91
290,289,Aberdeen,Scottish Premiership,1.4,1.54,42.83
291,291,Hebei China Fortune FC,Chinese Super League,1.39,1.54,42.62
292,292,Chongqing Lifan,Chinese Super League,1.24,1.37,42.59
293,337,FC Groningen,Dutch Eredivisie,1.26,1.39,42.5
294,283,Chaves,Portuguese Liga,1.15,1.28,42.43
295,288,San Lorenzo,Argentina Primera Division,1.08,1.2,42.31
296,294,Columbus Crew,Major League Soccer,1.2,1.34,42.26
297,303,CD Tondela,Portuguese Liga,1.29,1.44,42.21
298,296,Portland Timbers,Major League Soccer,1.36,1.53,42.09
299,297,Colon Santa Fe,Argentina Primera Division,1.06,1.19,42
300,298,VÃ­toria,Brasileiro SÃ©rie A,1.21,1.37,41.82
301,300,Beijing Renhe FC,Chinese Super League,1.13,1.29,41.74
302,301,Argentinos Juniors,Argentina Primera Division,0.95,1.07,41.65
303,331,Atlas,Mexican Primera Division Torneo Clausura,1.21,1.38,41.61
304,302,Sport Recife,Brasileiro SÃ©rie A,1.11,1.26,41.57
305,305,Wolfsberger AC,Austrian T-Mobile Bundesliga,1.32,1.51,41.47
306,293,SV Zulte Waregem,Belgian Jupiler League,1.63,1.87,41.43
307,308,FC Cincinnati,United Soccer League,1.41,1.62,41.33
308,309,1. FC Union Berlin,German 2. Bundesliga,1.18,1.36,41.33
309,310,Tianjin Quanjian FC,Chinese Super League,1.24,1.44,41.28
310,312,Cashpoint SC Rheindorf Altach,Austrian T-Mobile Bundesliga,1.32,1.53,41.23
311,314,Philadelphia Union,Major League Soccer,1.33,1.53,41.21
312,306,Tijuana,Mexican Primera Division Torneo Clausura,1.13,1.31,41.15
313,321,Desportivo Aves,Portuguese Liga,1.22,1.42,41.1
314,313,Santa Clara,Portuguese Liga,1.19,1.38,41.03
315,315,Kashiwa Reysol,Japanese J League,1.44,1.68,40.89
316,316,Nagoya Grampus Eight,Japanese J League,1.5,1.75,40.87
317,317,St. PÃ¶lten,Austrian T-Mobile Bundesliga,1.18,1.38,40.77
318,318,Shanghai Greenland Shenhua FC,Chinese Super League,1.32,1.55,40.74
319,304,Waasland-Beveren,Belgian Jupiler League,1.22,1.43,40.74
320,319,FC Dallas,Major League Soccer,1.25,1.46,40.73
321,350,Caykur Rizespor,Turkish Turkcell Super Lig,1.22,1.44,40.63
322,320,San Martin San Juan,Argentina Primera Division,1.12,1.32,40.6
323,341,Morelia,Mexican Primera Division Torneo Clausura,1.25,1.47,40.5
324,307,Boavista,Portuguese Liga,0.99,1.17,40.44
325,279,Panetolikos,Greek Super League,1.23,1.47,40.24
326,324,AaB,Danish SAS-Ligaen,1.19,1.43,40.16
327,325,Djurgardens IF,Swedish Allsvenskan,1.09,1.3,40.14
328,382,VVV Venlo,Dutch Eredivisie,1.28,1.53,40.13
329,326,Odense BK,Danish SAS-Ligaen,1.15,1.38,40.12
330,327,Gamba Osaka,Japanese J League,1.24,1.49,40.11
331,328,Rapid Vienna,Austrian T-Mobile Bundesliga,1.18,1.42,40.1
332,329,LA Galaxy,Major League Soccer,1.54,1.83,40.09
333,330,Cerezo Osaka,Japanese J League,1.07,1.28,40.05
334,378,Barnsley,English League One,1.17,1.41,39.95
335,335,FC Lugano,Swiss Raiffeisen Super League,1.29,1.56,39.83
336,334,Rotherham United,English League Championship,1.24,1.51,39.82
337,336,Holstein Kiel,German 2. Bundesliga,1.42,1.71,39.81
338,344,Perth Glory,Australian A-League,1.37,1.65,39.72
339,338,Guangzhou R&F; FC,Chinese Super League,1.41,1.7,39.7
340,339,Montreal Impact,Major League Soccer,1.17,1.43,39.69
341,351,QuerÃ©taro,Mexican Primera Division Torneo Clausura,1.13,1.39,39.51
342,347,Aris Salonika,Greek Super League,1.08,1.32,39.51
343,340,Granada,Spanish Segunda Division,0.97,1.19,39.48
344,323,Puebla,Mexican Primera Division Torneo Clausura,1.17,1.43,39.47
345,392,Eupen,Belgian Jupiler League,1.25,1.53,39.47
346,342,Real Salt Lake,Major League Soccer,1.37,1.67,39.39
347,343,Sarpsborg,Norwegian Tippeligaen,1.24,1.52,39.36
348,345,St Gallen,Swiss Raiffeisen Super League,1.45,1.78,39.35
349,346,Yokohama F. Marinos,Japanese J League,1.4,1.71,39.28
350,348,DC United,Major League Soccer,1.28,1.58,39.19
351,349,Aldosivi,Argentina Primera Division,1.06,1.31,39.11
352,352,Rosario Central,Argentina Primera Division,1.01,1.27,39
353,357,Kilmarnock,Scottish Premiership,1.16,1.45,38.82
354,360,MÃ¡laga,Spanish Segunda Division,1.02,1.28,38.81
355,358,SK Brann,Norwegian Tippeligaen,1.22,1.52,38.78
356,359,San Martin de Tucuman,Argentina Primera Division,1.07,1.35,38.77
357,364,Maritimo,Portuguese Liga,0.98,1.24,38.72
358,362,FC Nordsjaelland,Danish SAS-Ligaen,1.32,1.66,38.64
359,363,Gimnasia La Plata,Argentina Primera Division,1.04,1.31,38.62
360,353,Newcastle Jets,Australian A-League,1.32,1.67,38.36
361,388,Willem II,Dutch Eredivisie,1.44,1.82,38.29
362,311,Heracles,Dutch Eredivisie,1.56,1.95,38.28
363,366,Henan Jianye,Chinese Super League,1.08,1.38,38.27
364,368,Krylia Sovetov,Russian Premier Liga,1.04,1.34,38.23
365,333,Melbourne City,Australian A-League,1.11,1.43,38.02
366,355,KV Oostende,Belgian Jupiler League,1.14,1.48,37.99
367,370,Belgrano Cordoba,Argentina Primera Division,0.99,1.29,37.94
368,371,Dalian YiFang FC,Chinese Super League,1.16,1.5,37.84
369,361,Sunderland,English League One,1.14,1.48,37.84
370,372,Tianjin Teda,Chinese Super League,1.23,1.58,37.84
371,373,SV Mattersburg,Austrian T-Mobile Bundesliga,1.34,1.72,37.75
372,375,SC Paderborn,German 2. Bundesliga,1.36,1.75,37.67
373,402,Osasuna,Spanish Segunda Division,1.04,1.37,37.65
374,354,Palermo,Italy Serie B,1.05,1.38,37.64
375,409,Auxerre,French Ligue 2,0.99,1.31,37.57
376,376,Feirense,Portuguese Liga,0.94,1.24,37.57
377,380,Metallurg Krasnoyarsk,Russian Premier Liga,1.1,1.45,37.36
378,381,Consadole Sapporo,Japanese J League,1.24,1.62,37.34
379,383,F91 Dudelange,UEFA Europa League,1.35,1.76,37.32
380,384,Orange County SC,United Soccer League,1.41,1.83,37.31
381,416,Clermont Foot,French Ligue 2,0.95,1.28,37.16
382,365,Lobos de la BUAP,Mexican Primera Division Torneo Clausura,1.13,1.5,37.13
383,396,Mouscron-Peruwelz,Belgian Jupiler League,1.04,1.39,37.13
384,393,Reading,English League Championship,1.12,1.49,37.1
385,386,Kristiansund BK,Norwegian Tippeligaen,1.32,1.73,37.09
386,367,Panionios,Greek Super League,1.01,1.36,37.06
387,387,Haugesund,Norwegian Tippeligaen,1.1,1.47,36.98
388,379,Troyes,French Ligue 2,1.03,1.39,36.94
389,374,Erzurumspor,Turkish Turkcell Super Lig,1.05,1.41,36.9
390,397,Kayserispor,Turkish Turkcell Super Lig,1.06,1.44,36.68
391,389,New England Revolution,Major League Soccer,1.19,1.6,36.67
392,377,Larissa,Greek Super League,0.89,1.22,36.59
393,390,Grasshoppers ZÃ¼rich,Swiss Raiffeisen Super League,1.13,1.54,36.52
394,391,Patronato,Argentina Primera Division,1.12,1.52,36.51
395,394,Houston Dynamo,Major League Soccer,1.28,1.73,36.4
396,369,Albacete,Spanish Segunda Division,0.94,1.3,36.38
397,395,Sagan Tosu,Japanese J League,0.78,1.09,36.36
398,356,ADO Den Haag,Dutch Eredivisie,1.4,1.88,36.12
399,438,OFI Crete,Greek Super League,1.06,1.46,36.08
400,398,Arminia Bielefeld,German 2. Bundesliga,1.12,1.55,36.03
401,399,Arizona United,United Soccer League,1.21,1.66,36.02
402,425,Sporting GijÃ³n,Spanish Segunda Division,0.89,1.25,36.01
403,400,Hibernian,Scottish Premiership,1.12,1.54,35.96
404,401,FC Spartak Trnava,UEFA Europa League,0.9,1.27,35.94
405,403,Vissel Kobe,Japanese J League,1.27,1.74,35.88
406,385,Orlando Pirates,South African ABSA Premier League,1.08,1.51,35.87
407,404,GIF Sundsvall,Swedish Allsvenskan,1.08,1.51,35.8
408,405,Hartberg,Austrian T-Mobile Bundesliga,1.47,1.99,35.64
409,408,Sanfrecce Hiroshima,Japanese J League,1.06,1.5,35.49
410,410,Jahn Regensburg,German 2. Bundesliga,1.3,1.8,35.42
411,406,Bolton,English League Championship,0.97,1.39,35.41
412,407,Charlton Athletic,English League One,1.07,1.52,35.33
413,418,Brescia,Italy Serie B,1.14,1.61,35.25
414,419,Cercle Brugge,Belgian Jupiler League,1.16,1.65,35.1
415,322,Fortuna Sittard,Dutch Eredivisie,1.39,1.94,35
416,412,VfL Bochum,German 2. Bundesliga,1.14,1.63,34.86
417,431,Kaizer Chiefs,South African ABSA Premier League,0.9,1.32,34.82
418,415,Anzhi Makhachkala,Russian Premier Liga,0.91,1.35,34.64
419,426,Adelaide United,Australian A-League,1.1,1.59,34.6
420,417,Esbjerg,Danish SAS-Ligaen,1.06,1.54,34.58
421,466,PEC Zwolle,Dutch Eredivisie,1.16,1.67,34.56
422,457,Emmen,Dutch Eredivisie,1.19,1.72,34.27
423,420,FC St. Pauli,German 2. Bundesliga,1.08,1.59,34.23
424,421,Las Palmas,Spanish Segunda Division,1.13,1.65,34.2
425,423,Randers FC,Danish SAS-Ligaen,0.94,1.42,33.98
426,424,AGF Aarhus,Danish SAS-Ligaen,1.01,1.52,33.95
427,429,FC Tokyo,Japanese J League,0.81,1.25,33.74
428,430,Shonan Bellmare,Japanese J League,0.9,1.38,33.67
429,427,Western Sydney FC,Australian A-League,1.34,1.96,33.51
430,440,Bidvest Wits,South African ABSA Premier League,0.98,1.49,33.39
431,434,Stromsgodset,Norwegian Tippeligaen,1.27,1.88,33.25
432,435,Neuchatel Xamax,Swiss Raiffeisen Super League,1.32,1.95,33.18
433,436,ParanÃ¡,Brasileiro SÃ©rie A,0.86,1.35,33.17
434,413,Paris FC,French Ligue 2,0.7,1.14,33.07
435,437,Sonderjyske,Danish SAS-Ligaen,0.95,1.47,33.06
436,432,Ipswich Town,English League Championship,0.94,1.47,32.86
437,439,AC Horsens,Danish SAS-Ligaen,1.24,1.87,32.81
438,441,1. FC Heidenheim 1846,German 2. Bundesliga,1.08,1.66,32.79
439,442,Reno 1868 FC,United Soccer League,0.99,1.54,32.79
440,443,Vancouver Whitecaps,Major League Soccer,1.26,1.9,32.77
441,444,FC Wacker Innsbruck,Austrian T-Mobile Bundesliga,0.94,1.48,32.74
442,433,Almeria,Spanish Segunda Division,0.81,1.3,32.7
443,447,Livingston,Scottish Premiership,0.93,1.47,32.63
444,445,Cittadella,Italy Serie B,0.9,1.44,32.63
445,422,Portsmouth,English League One,1.05,1.63,32.59
446,449,Dynamo Dresden,German 2. Bundesliga,1.01,1.59,32.46
447,411,KSC Lokeren,Belgian Jupiler League,1.03,1.62,32.33
448,414,Lorient,French Ligue 2,0.89,1.44,32.24
449,451,Guizhou Hengfeng Zhicheng,Chinese Super League,1.07,1.68,32.23
450,452,Lens,French Ligue 2,0.91,1.46,32.16
451,428,Mallorca,Spanish Segunda Division,0.85,1.4,32.08
452,456,Giannina,Greek Super League,0.88,1.43,32.04
453,453,Chicago Fire,Major League Soccer,1.09,1.72,31.94
454,454,New York Red Bulls II,United Soccer League,1.42,2.16,31.83
455,477,Real Oviedo,Spanish Segunda Division,0.88,1.45,31.71
456,498,Black Aces,South African ABSA Premier League,1.02,1.64,31.65
457,450,Veracruz,Mexican Primera Division Torneo Clausura,0.97,1.59,31.5
458,458,Le Havre,French Ligue 2,0.91,1.51,31.5
459,459,St Johnstone,Scottish Premiership,0.92,1.52,31.35
460,460,Minnesota United FC,Major League Soccer,1.23,1.95,31.32
461,446,NAC,Dutch Eredivisie,1.18,1.88,31.31
462,455,Doncaster Rovers,English League One,1.16,1.85,31.25
463,461,SV Darmstadt 98,German 2. Bundesliga,0.99,1.63,31.15
464,462,Vegalta Sendai,Japanese J League,1.11,1.79,31.1
465,463,FC Ingolstadt 04,German 2. Bundesliga,1.02,1.67,31.01
466,468,SV Sandhausen,German 2. Bundesliga,0.86,1.47,30.78
467,464,Benevento,Italy Serie B,0.9,1.54,30.58
468,471,Jubilo Iwata,Japanese J League,0.93,1.58,30.51
469,472,FC Trenkwalder Admira,Austrian T-Mobile Bundesliga,1.2,1.97,30.26
470,473,San Jose Earthquakes,Major League Soccer,1.17,1.96,29.83
471,485,Lamia,Greek Super League,0.65,1.23,29.67
472,474,Valerenga,Norwegian Tippeligaen,1.04,1.79,29.59
473,475,Orlando City SC,Major League Soccer,1.1,1.87,29.56
474,470,Perugia,Italy Serie B,0.96,1.68,29.56
475,476,Bethlehem Steel FC,United Soccer League,1.01,1.75,29.49
476,448,Ankaragucu,Turkish Turkcell Super Lig,0.97,1.7,29.37
477,484,Spezia,Italy Serie B,0.86,1.55,29.35
478,467,Verona,Italy Serie B,0.93,1.66,29.32
479,478,Odd BK,Norwegian Tippeligaen,0.89,1.61,29.24
480,480,1. FC Magdeburg,German 2. Bundesliga,0.97,1.72,29.11
481,482,Numancia,Spanish Segunda Division,0.9,1.62,29.1
482,465,AD Alcorcon,Spanish Segunda Division,0.67,1.29,29.05
483,479,Crotone,Italy Serie B,0.93,1.68,28.77
484,483,Pittsburgh Riverhounds,United Soccer League,0.8,1.5,28.76
485,490,Excelsior,Dutch Eredivisie,1.36,2.29,28.57
486,486,Stabaek,Norwegian Tippeligaen,1.09,1.92,28.42
487,481,Niort,French Ligue 2,0.79,1.52,28.33
488,487,Orebro SK,Swedish Allsvenskan,0.94,1.73,28.31
489,488,Erzgebirge Aue,German 2. Bundesliga,0.9,1.68,28.27
490,499,Polokwane City FC,South African ABSA Premier League,0.9,1.67,28.13
491,469,Extremadura UD,Spanish Segunda Division,0.95,1.76,28.13
492,501,Tenerife,Spanish Segunda Division,0.77,1.49,28.06
493,513,Fleetwood Town,English League One,0.91,1.7,28.03
494,508,Wellington Phoenix,Australian A-League,1.06,1.91,27.99
495,494,Lecce,Italy Serie B,0.87,1.66,27.81
496,491,Bodo/Glimt,Norwegian Tippeligaen,0.8,1.56,27.71
497,489,Brisbane Roar,Australian A-League,1.05,1.92,27.68
498,540,De Graafschap,Dutch Eredivisie,1.13,2.04,27.6
499,497,Real Zaragoza,Spanish Segunda Division,0.88,1.69,27.49
500,495,Lillestrom,Norwegian Tippeligaen,0.92,1.75,27.44
501,496,Carolina Railhawks,United Soccer League,1.15,2.09,27.35
502,493,Foggia,Italy Serie B,0.93,1.76,27.34
503,541,Southend United,English League One,0.86,1.67,27.26
504,500,Hearts,Scottish Premiership,0.8,1.6,26.84
505,502,Vendsyssel,Danish SAS-Ligaen,0.87,1.71,26.77
506,503,Tromso,Norwegian Tippeligaen,1.04,1.96,26.72
507,507,Cremonese,Italy Serie B,0.71,1.49,26.57
508,505,Sacramento Republic FC,United Soccer League,0.75,1.55,26.45
509,515,Bury,English League Two,1.03,1.98,26.44
510,506,V-Varen Nagasaki,Japanese J League,0.92,1.82,26.29
511,511,Levadiakos,Greek Super League,0.69,1.47,26.25
512,509,Lugo,Spanish Segunda Division,0.64,1.39,26.24
513,514,Grenoble,French Ligue 2,0.73,1.53,26.23
514,512,AC Ajaccio,French Ligue 2,0.77,1.62,25.78
515,504,US Pescara,Italy Serie B,0.83,1.72,25.73
516,516,IFK Goteborg,Swedish Allsvenskan,1,1.98,25.62
517,517,Swope Park Rangers,United Soccer League,1.07,2.09,25.62
518,518,MSV Duisburg,German 2. Bundesliga,0.92,1.86,25.6
519,519,Nashville SC,United Soccer League,0.74,1.59,25.48
520,520,Ranheim,Norwegian Tippeligaen,0.97,1.96,25.3
521,527,Elche,Spanish Segunda Division,0.77,1.67,25.17
522,523,SpVgg Greuther FÃ¼rth,German 2. Bundesliga,0.86,1.8,25.13
523,524,Sandefjord,Norwegian Tippeligaen,1,2.03,25.03
524,525,IF Elfsborg,Swedish Allsvenskan,0.82,1.75,24.95
525,532,Salernitana,Italy Serie B,0.77,1.68,24.93
526,526,Charleston Battery,United Soccer League,0.69,1.56,24.9
527,492,Peterborough United,English League One,0.91,1.89,24.86
528,530,Burton Albion,English League One,0.84,1.8,24.75
529,522,F.B.C Unione Venezia,Italy Serie B,0.7,1.58,24.67
530,521,Apollon Smyrni,Greek Super League,0.62,1.46,24.6
531,528,Golden Arrows,South African ABSA Premier League,0.67,1.55,24.49
532,529,Cordoba,Spanish Segunda Division,0.93,1.99,23.97
533,531,Colorado Rapids,Major League Soccer,0.82,1.82,23.92
534,510,Milton Keynes Dons,English League Two,0.84,1.86,23.79
535,533,Kalmar FF,Swedish Allsvenskan,0.61,1.5,23.73
536,539,Ascoli,Italy Serie B,0.67,1.6,23.65
537,534,Vejle,Danish SAS-Ligaen,0.76,1.74,23.64
538,535,Indy Eleven,United Soccer League,0.84,1.87,23.62
539,536,IK Sirius,Swedish Allsvenskan,1.02,2.15,23.61
540,537,Portland Timbers 2,United Soccer League,0.92,2,23.54
541,544,AmaZulu,South African ABSA Premier League,0.74,1.73,23.25
542,550,SuperSport United,South African ABSA Premier League,0.54,1.42,23.09
543,542,Rayo Majadahonda,Spanish Segunda Division,0.67,1.65,23
544,543,Hobro IK,Danish SAS-Ligaen,0.71,1.72,22.91
545,555,Wycombe Wanderers,English League One,0.87,1.97,22.84
546,547,Highlands Park FC,South African ABSA Premier League,0.72,1.74,22.6
547,548,Oklahoma City Energy FC,United Soccer League,0.73,1.79,22.26
548,560,Valenciennes,French Ligue 2,0.93,2.11,22.21
549,545,Cosenza,Italy Serie B,0.64,1.65,22.18
550,551,Reus Deportiu,Spanish Segunda Division,0.58,1.56,21.99
551,552,LA Galaxy II,United Soccer League,1.21,2.56,21.96
552,553,Real Monarchs SLC,United Soccer League,0.88,2.06,21.93
553,561,Carlisle United,English League Two,0.86,2.03,21.83
554,546,Blackpool,English League One,0.53,1.48,21.8
555,556,Fresno FC,United Soccer League,0.66,1.72,21.64
556,557,Livorno,Italy Serie B,0.68,1.75,21.6
557,558,Motherwell,Scottish Premiership,0.69,1.77,21.57
558,554,Chateauroux,French Ligue 2,0.55,1.55,21.36
559,567,Oxford United,English League One,0.81,1.99,21.27
560,571,Lincoln City,English League Two,0.75,1.91,21.01
561,570,Mansfield Town,English League Two,0.62,1.72,20.79
562,572,Plymouth Argyle,English League One,0.92,2.21,20.76
563,559,Coventry City,English League One,0.63,1.75,20.43
564,565,San Antonio FC,United Soccer League,0.79,2.02,20.41
565,549,OrlÃ©ans,French Ligue 2,0.79,2.02,20.39
566,563,Bloem Celtic,South African ABSA Premier League,0.55,1.64,20.17
567,538,Gillingham,English League One,0.84,2.13,20.08
568,566,Saint Louis FC,United Soccer League,0.61,1.76,19.98
569,568,Tampa Bay Rowdies,United Soccer League,0.64,1.81,19.84
570,573,Scunthorpe,English League One,0.8,2.08,19.81
571,569,Shrewsbury Town,English League One,0.58,1.71,19.72
572,578,Central Coast Mariners,Australian A-League,0.87,2.21,19.64
573,562,Bristol Rovers,English League One,0.49,1.59,19.31
574,574,IK Start,Norwegian Tippeligaen,0.74,2.04,19.26
575,581,Padova,Italy Serie B,0.66,1.9,19
576,589,Chippa United,South African ABSA Premier League,0.48,1.59,18.87
577,583,Baroka FC,South African ABSA Premier League,0.47,1.61,18.41
578,579,AS Nancy Lorraine,French Ligue 2,0.53,1.73,18.35
579,590,Forest Green Rovers,English League Two,0.61,1.88,18.32
580,577,Dalkurd FF,Swedish Allsvenskan,0.65,1.96,18.19
581,582,Black Leopards,South African ABSA Premier League,0.58,1.87,17.72
582,585,Carpi,Italy Serie B,0.57,1.87,17.56
583,584,Charlotte Independence,United Soccer League,0.76,2.2,17.53
584,580,Sochaux,French Ligue 2,0.52,1.78,17.49
585,564,Bradford City,English League One,0.69,2.1,17.23
586,576,Oldham Athletic,English League Two,0.71,2.15,17.2
587,587,Red Star FC 93,French Ligue 2,0.55,1.86,16.98
588,588,Las Vegas Lights FC,United Soccer League,0.95,2.59,16.87
589,602,Walsall,English League One,0.65,2.1,16.53
590,586,GimnÃ¡stic Tarragona,Spanish Segunda Division,0.48,1.79,16.32
591,591,Rio Grande Valley FC Toros,United Soccer League,0.51,1.86,16.29
592,600,GFC Ajaccio,French Ligue 2,0.54,1.94,16.09
593,575,Free State Stars,South African ABSA Premier League,0.52,1.88,16.07
594,594,Beziers AS,French Ligue 2,0.44,1.76,15.76
595,596,Brommapojkarna,Swedish Allsvenskan,0.67,2.24,15.39
596,593,Northampton Town,English League Two,0.64,2.22,14.99
597,598,Toronto FC II,United Soccer League,0.88,2.66,14.88
598,599,St Mirren,Scottish Premiership,0.59,2.14,14.75
599,597,Accrington Stanley,English League One,0.45,1.88,14.73
600,595,Exeter City,English League Two,0.44,1.89,14.38
601,601,Colorado Springs Switchbacks FC,United Soccer League,0.46,1.94,14.33
602,592,Maritzburg Utd,South African ABSA Premier League,0.27,1.54,14.2
603,605,Penn FC,United Soccer League,0.48,2.01,13.79
604,606,Colchester United,English League Two,0.49,2.13,12.9
605,604,Tranmere Rovers,English League Two,0.57,2.3,12.85
606,607,Rochdale,English League One,0.63,2.44,12.65
607,608,Dundee,Scottish Premiership,0.49,2.21,12.1
608,609,Trelleborgs FF,Swedish Allsvenskan,0.57,2.41,11.9
609,610,Ottawa Fury FC,United Soccer League,0.26,1.74,11.67
610,603,AFC Wimbledon,English League One,0.38,2.05,11.41
611,614,Stevenage,English League Two,0.41,2.18,10.91
612,612,Hamilton Academical,Scottish Premiership,0.47,2.33,10.75
613,611,Cheltenham Town,English League Two,0.49,2.41,10.52
614,613,Seattle Sounders 2,United Soccer League,0.56,2.57,10.43
615,617,Crewe Alexandra,English League Two,0.36,2.16,10.21
616,618,Swindon Town,English League Two,0.34,2.11,10.15
617,616,Atlanta United 2,United Soccer League,0.5,2.53,9.74
618,619,Newport County,English League Two,0.48,2.52,9.5
619,615,Grimsby Town,English League Two,0.24,2.17,7.87
620,621,Tulsa Roughnecks,United Soccer League,0.52,2.86,7.87
621,620,Crawley Town,English League Two,0.28,2.32,7.64
622,622,Yeovil Town,English League Two,0.2,2.15,7.31
623,624,Macclesfield,English League Two,0.22,2.22,7.23
624,626,Cambridge United,English League Two,0.27,2.41,6.97
625,625,Port Vale,English League Two,0.2,2.25,6.71
626,623,Morecambe,English League Two,0.2,2.27,6.55
627,627,Richmond Kickers,United Soccer League,0.32,2.9,5.15
628,628,Notts County,English League Two,0.23,2.79,4.51
